section,category,templates,routes,Home,Intelligence,Blog,Ai skills,Ai collections strategy,Case studies,Our team story,Testimonial,Referral,Faq,Become a partner,Blog pages,Product pages,Legal,Solution pages,Demo,Legal pages,Case study pages,Ai skills training pages,Early pay savings calculator daylit work,Blog pages
shell.navbar-sticky,SHELL,20,68,x,x,x,x,x,x,x,x,x,x,x,x,x,x,x,,x,x,x,x,x
shell.footer-component,SHELL,19,67,,x,x,x,x,x,x,x,x,x,x,x,x,x,x,,x,x,x,x,x
content.block,CONTENT,2,35,,,,,,,,,,,,x,,,,,,,,,x
shell.section-blog-header,SHELL,2,35,,,,,,,,,,,,x,,,,,,,,,x
support.section-article-blog,SUPPORT,2,35,,,,,,,,,,,,x,,,,,,,,,x
content.section-shine,CONTENT,11,16,,x,,,x,x,x,x,x,x,x,,x,x,x,,,,,,
shell.form,SHELL,10,15,,x,x,,x,,x,,x,x,x,,x,x,x,,,,,,
proof.section-logo,PROOF,9,14,,x,,,x,,x,,x,x,x,,x,x,x,,,,,,
content.section-why,CONTENT,8,13,,x,,,x,,x,x,x,,,,x,x,x,,,,,,
cta.post-solution-cta,CTA,1,12,,,,,,,,,,,,,,,,,,,,,x
content.u-texture,CONTENT,6,11,,,,,,,,x,x,x,,,x,x,x,,,,,,
proof.section-testimonials,PROOF,6,11,,,,,x,x,,,,,x,,x,x,x,,,,,,
content.big-section,CONTENT,4,9,,x,,,,,,,,,,,x,x,x,,,,,,
hero.section-cta-banner,HERO,4,9,x,,,,,,,,,,,,x,x,x,,,,,,
content.section-color-wrap,CONTENT,3,8,,,,,,,,,,,,,x,x,x,,,,,,
proof.section-solutions-preview,PROOF,4,7,,x,,,x,,,,,,x,,x,,,,,,,,
proof.section-blog-preview,PROOF,2,5,,,,,,,,x,,,,,x,,,,,,,,
hero.ast-detail,HERO,1,5,,,,,,,,,,,,,,,,,,,x,,
hero.section-legal-article,HERO,1,5,,,,,,,,,,,,,,,,,x,,,,
showcase.section-product-spread,SHOWCASE,1,4,,,,,,,,,,,,,x,,,,,,,,
content.section-impact,CONTENT,3,3,,x,,,x,,,,,,x,,,,,,,,,,
content.csr-band,CONTENT,1,3,,,,,,,,,,,,,,,,,,x,,,
content.csr-body,CONTENT,1,3,,,,,,,,,,,,,,,,,,x,,,
cta.csr-cta,CTA,1,3,,,,,,,,,,,,,,,,,,x,,,
hero.csr-hero,HERO,1,3,,,,,,,,,,,,,,,,,,x,,,
proof.section-products-preview,PROOF,1,3,,,,,,,,,,,,,,,x,,,,,,
content.section-different,CONTENT,2,2,,x,,,,,,,x,,,,,,,,,,,,
proof.section-faqs-preview,PROOF,2,2,,,,,x,,,,,,x,,,,,,,,,,
content.ast-grid-section,CONTENT,1,1,,,,x,,,,,,,,,,,,,,,,,
content.cs-cases-grid,CONTENT,1,1,,,,,,x,,,,,,,,,,,,,,,
content.cs-feat,CONTENT,1,1,,,,,,x,,,,,,,,,,,,,,,
content.cs-stats,CONTENT,1,1,,,,,,x,,,,,,,,,,,,,,,
content.padding-section-wrap,CONTENT,1,1,,x,,,,,,,,,,,,,,,,,,,
content.section-blog-feed,CONTENT,1,1,,,x,,,,,,,,,,,,,,,,,,
content.section-home-dashboard,CONTENT,1,1,x,,,,,,,,,,,,,,,,,,,,
content.section-home-enterprise,CONTENT,1,1,x,,,,,,,,,,,,,,,,,,,,
content.section-home-insights,CONTENT,1,1,x,,,,,,,,,,,,,,,,,,,,
content.section-home-why,CONTENT,1,1,x,,,,,,,,,,,,,,,,,,,,
content.section-team-feed,CONTENT,1,1,,,,,,,x,,,,,,,,,,,,,,
content.section-timeline,CONTENT,1,1,,,,,,,x,,,,,,,,,,,,,,
cta.section-cta-dashboard,CTA,1,1,,x,,,,,,,,,,,,,,,,,,,
cta.section-cta-main,CTA,1,1,,x,,,,,,,,,,,,,,,,,,,
cta.section-demo-left,CTA,1,1,,,,,,,,,,,,,,,,x,,,,,
features.section-blog-featured,FEATURES,1,1,,,x,,,,,,,,,,,,,,,,,,
hero.ast-hero,HERO,1,1,,,,x,,,,,,,,,,,,,,,,,
hero.cs-hero,HERO,1,1,,,,,,x,,,,,,,,,,,,,,,
hero.section-home-hero,HERO,1,1,x,,,,,,,,,,,,,,,,,,,,
hero.section-tools-header,HERO,1,1,,,,,,,,,,,,,,,,,,,,x,
proof.case-studies,PROOF,1,1,,,,,,x,,,,,,,,,,,,,,,
proof.section-home-product,PROOF,1,1,x,,,,,,,,,,,,,,,,,,,,
proof.section-story-cards,PROOF,1,1,,,,,,,x,,,,,,,,,,,,,,
proof.section-testi-wall,PROOF,1,1,,,,,,,,x,,,,,,,,,,,,,
shell.footer-wrap,SHELL,1,1,x,,,,,,,,,,,,,,,,,,,,
shell.section-testi-header,SHELL,1,1,,,,,,,,x,,,,,,,,,,,,,
support.ast-feature-section,SUPPORT,1,1,,,,x,,,,,,,,,,,,,,,,,
support.faq-filter-form,SUPPORT,1,1,,,,,,,,,,x,,,,,,,,,,,
support.section-demo-right,SUPPORT,1,1,,,,,,,,,,,,,,,,x,,,,,
support.section-home-faq,SUPPORT,1,1,x,,,,,,,,,,,,,,,,,,,,
ROUTE COUNT,,,69,1,1,1,1,1,1,1,1,1,1,1,23,4,1,3,1,5,3,5,1,12